<?xml version="1.0" encoding="UTF-8" ?>
<!--
  ~ Copyright (c) 2021
  ~ User:魔金多商户商城
  ~ File:SysStoreUserMapper.xml
  ~ Date:2020/09/13 08:43:13
  -->

<!DOCTYPE mapper
        PUBLIC "-//mybatis.org//DTD Mapper 3.0//EN"
        "http://mybatis.org/dtd/mybatis-3-mapper.dtd">
<mapper namespace="com.ruoyi.system.mapper.SysStoreUserMapper">

    <resultMap type="SysUser" id="SysUserResult">
        <id property="userId" column="user_id"/>
        <result property="deptId" column="dept_id"/>
        <result property="storeId" column="store_id"/>
        <result property="userName" column="user_name"/>
        <result property="nickName" column="nick_name"/>
        <result property="email" column="email"/>
        <result property="phonenumber" column="phonenumber"/>
        <result property="sex" column="sex"/>
        <result property="avatar" column="avatar"/>
        <result property="password" column="password"/>
        <result property="status" column="status"/>
        <result property="delFlag" column="del_flag"/>
        <result property="loginIp" column="login_ip"/>
        <result property="loginDate" column="login_date"/>
        <result property="createBy" column="create_by"/>
        <result property="createTime" column="create_time"/>
        <result property="updateBy" column="update_by"/>
        <result property="updateTime" column="update_time"/>
        <result property="remark" column="remark"/>
        <association property="dept" column="dept_id" javaType="SysDept" resultMap="deptResult"/>
        <collection property="roles" javaType="java.util.List" resultMap="RoleResult"/>
    </resultMap>

    <resultMap id="deptResult" type="SysDept">
        <id property="deptId" column="dept_id"/>
        <result property="parentId" column="parent_id"/>
        <result property="deptName" column="dept_name"/>
        <result property="orderNum" column="order_num"/>
        <result property="leader" column="leader"/>
        <result property="status" column="dept_status"/>
    </resultMap>

    <resultMap id="RoleResult" type="SysRole">
        <id property="roleId" column="role_id"/>
        <result property="roleName" column="role_name"/>
        <result property="roleKey" column="role_key"/>
        <result property="roleSort" column="role_sort"/>
        <result property="dataScope" column="data_scope"/>
        <result property="status" column="role_status"/>
    </resultMap>

    <sql id="selectUserVo">
        select u.user_id,u.store_id, u.dept_id, u.user_name, u.nick_name, u.email, u.avatar, u.phonenumber, u.password,
        u.sex, u.status, u.del_flag, u.login_ip, u.login_date, u.create_by, u.create_time, u.remark,
        d.dept_id, d.parent_id, d.dept_name, d.order_num, d.leader, d.status as dept_status,
        r.role_id, r.role_name, r.role_key, r.role_sort, r.data_scope, r.status as role_status
        from sys_store_user u
        left join sys_store_dept d on u.dept_id = d.dept_id
        left join sys_store_user_role ur on u.user_id = ur.user_id
        left join sys_store_role r on r.role_id = ur.role_id
    </sql>
    <select id="queryAllCustomerMobileForCreateStore" resultType="java.lang.String">
        select user_name from sys_store_user
    </select>
    <select id="selectUserList" parameterType="SysUser" resultMap="SysUserResult">
        select u.user_id, u.dept_id, u.store_id,u.nick_name, u.user_name, u.email, u.avatar, u.phonenumber, u.password,
        u.sex,
        u.status, u.del_flag, u.login_ip, u.login_date, u.create_by, u.create_time, u.remark, d.dept_name, d.leader from
        sys_store_user u
        left join sys_store_dept d on u.dept_id = d.dept_id
        where u.del_flag = '0'
        <if test="userName != null and userName != ''">
            AND u.user_name like concat('%', #{userName}, '%')
        </if>
        <if test="status != null and status != ''">
            AND u.status = #{status}
        </if>
        <if test="storeId != null and storeId != 0">
            AND u.store_id = #{storeId}
        </if>
        <if test="phonenumber != null and phonenumber != ''">
            AND u.phonenumber like concat('%', #{phonenumber}, '%')
        </if>
        <if test="beginTime != null and beginTime != ''"><!-- 开始时间检索 -->
            AND date_format(u.create_time,'%y%m%d') &gt;= date_format(#{beginTime},'%y%m%d')
        </if>
        <if test="endsTime != null and endsTime != ''"><!-- 结束时间检索 -->
            AND date_format(u.create_time,'%y%m%d') &lt;= date_format(#{endsTime},'%y%m%d')
        </if>
        <if test="deptId != null and deptId != 0">
            AND (u.dept_id = #{deptId} OR u.dept_id IN ( SELECT t.dept_id FROM sys_store_dept t WHERE FIND_IN_SET
            (#{deptId},ancestors) ))
        </if>
        <!-- 数据范围过滤 -->
        ${params.dataScope}
    </select>

    <select id="selectUserByUserName" parameterType="String" resultMap="SysUserResult">
        <include refid="selectUserVo"/>
        where u.user_name = #{userName}
    </select>

    <select id="selectUserById" parameterType="Long" resultMap="SysUserResult">
        <include refid="selectUserVo"/>
        where u.user_id = #{userId}
    </select>

    <select id="checkUserNameUnique" parameterType="String" resultType="int">
        select count(1) from sys_store_user where user_name = #{userName}
    </select>

    <select id="checkPhoneUnique" parameterType="String" resultMap="SysUserResult">
        select user_id, phonenumber from sys_store_user where phonenumber = #{phonenumber}
    </select>

    <select id="checkEmailUnique" parameterType="String" resultMap="SysUserResult">
        select user_id, email from sys_store_user where email = #{email}
    </select>

    <insert id="insertUser" parameterType="SysUser" useGeneratedKeys="true" keyProperty="userId">
        insert into sys_store_user(
        <if test="userId != null and userId != 0">user_id,</if>
        <if test="deptId != null and deptId != 0">dept_id,</if>
        <if test="userName != null and userName != ''">user_name,</if>
        <if test="nickName != null and nickName != ''">nick_name,</if>
        <if test="email != null and email != ''">email,</if>
        <if test="avatar != null and avatar != ''">avatar,</if>
        <if test="phonenumber != null and phonenumber != ''">phonenumber,</if>
        <if test="sex != null and sex != ''">sex,</if>
        <if test="password != null and password != ''">password,</if>
        <if test="status != null and status != ''">status,</if>
        <if test="createBy != null and createBy != ''">create_by,</if>
        <if test="remark != null and remark != ''">remark,</if>
        create_time,store_id
        )values(
        <if test="userId != null and userId != ''">#{userId},</if>
        <if test="deptId != null and deptId != ''">#{deptId},</if>
        <if test="userName != null and userName != ''">#{userName},</if>
        <if test="nickName != null and nickName != ''">#{nickName},</if>
        <if test="email != null and email != ''">#{email},</if>
        <if test="avatar != null and avatar != ''">#{avatar},</if>
        <if test="phonenumber != null and phonenumber != ''">#{phonenumber},</if>
        <if test="sex != null and sex != ''">#{sex},</if>
        <if test="password != null and password != ''">#{password},</if>
        <if test="status != null and status != ''">#{status},</if>
        <if test="createBy != null and createBy != ''">#{createBy},</if>
        <if test="remark != null and remark != ''">#{remark},</if>
        sysdate(),#{storeId}
        )
    </insert>

    <update id="updateUser" parameterType="SysUser">
        update sys_store_user
        <set>
            <if test="storeId != null and storeId != 0">store_id = #{storeId},</if>
            <if test="deptId != null and deptId != 0">dept_id = #{deptId},</if>
            <if test="userName != null and userName != ''">user_name = #{userName},</if>
            <if test="nickName != null and nickName != ''">nick_name = #{nickName},</if>
            <if test="email != null and email != ''">email = #{email},</if>
            <if test="phonenumber != null and phonenumber != ''">phonenumber = #{phonenumber},</if>
            <if test="sex != null and sex != ''">sex = #{sex},</if>
            <if test="avatar != null and avatar != ''">avatar = #{avatar},</if>
            <if test="password != null and password != ''">password = #{password},</if>
            <if test="status != null and status != ''">status = #{status},</if>
            <if test="loginIp != null and loginIp != ''">login_ip = #{loginIp},</if>
            <if test="loginDate != null">login_date = #{loginDate},</if>
            <if test="updateBy != null and updateBy != ''">update_by = #{updateBy},</if>
            <if test="remark != null">remark = #{remark},</if>
            update_time = sysdate()
        </set>
        where user_id = #{userId}
    </update>

    <update id="updateUserStatus" parameterType="SysUser">
        update sys_store_user set status = #{status} where user_id = #{userId}
    </update>

    <update id="updateUserAvatar" parameterType="SysUser">
        update sys_store_user set avatar = #{avatar} where user_name = #{userName}
    </update>

    <update id="resetUserPwd" parameterType="SysUser">
        update sys_store_user set password = #{password} where user_name = #{userName}
    </update>

    <delete id="deleteUserById" parameterType="Long">
        delete from sys_store_user where user_id = #{userId}
    </delete>

    <delete id="deleteUserByIds" parameterType="Long">
        update sys_store_user set del_flag = '2' where user_id in
        <foreach collection="array" item="userId" open="(" separator="," close=")">
            #{userId}
        </foreach>
    </delete>

</mapper> 