<?xml version="1.0" encoding="UTF-8" ?>
<!--
  ~ Copyright (c) 2021
  ~ User:魔金多商户商城
  ~ File:SysStoreMenuMapper.xml
  ~ Date:2020/09/13 08:43:13
  -->

<!DOCTYPE mapper
        PUBLIC "-//mybatis.org//DTD Mapper 3.0//EN"
        "http://mybatis.org/dtd/mybatis-3-mapper.dtd">
<mapper namespace="com.ruoyi.system.mapper.SysStoreMenuMapper">

    <resultMap type="SysMenu" id="SysMenuResult">
        <id property="menuId" column="menu_id"/>
        <result property="menuName" column="menu_name"/>
        <result property="parentName" column="parent_name"/>
        <result property="parentId" column="parent_id"/>
        <result property="orderNum" column="order_num"/>
        <result property="path" column="path"/>
        <result property="component" column="component"/>
        <result property="isFrame" column="is_frame"/>
        <result property="menuType" column="menu_type"/>
        <result property="visible" column="visible"/>
        <result property="status" column="status"/>
        <result property="perms" column="perms"/>
        <result property="icon" column="icon"/>
        <result property="createBy" column="create_by"/>
        <result property="createTime" column="create_time"/>
        <result property="updateTime" column="update_time"/>
        <result property="updateBy" column="update_by"/>
        <result property="remark" column="remark"/>
    </resultMap>

    <sql id="selectMenuVo">
        select menu_id, menu_name, parent_id, order_num, path, component, is_frame, menu_type, visible, status,
        ifnull(perms,'') as perms, icon, create_time
        from sys_store_menu
    </sql>

    <select id="selectMenuList" parameterType="SysMenu" resultMap="SysMenuResult">
        <include refid="selectMenuVo"/>
        <where>
            <if test="menuName != null and menuName != ''">
                AND menu_name like concat('%', #{menuName}, '%')
            </if>
            <if test="visible != null and visible != ''">
                AND visible = #{visible}
            </if>
            AND status = 0
        </where>
        order by parent_id, order_num
    </select>

    <select id="selectMenuTreeAll" resultMap="SysMenuResult">
        select distinct m.menu_id, m.parent_id, m.menu_name, m.path, m.component, m.visible, m.status,
        ifnull(m.perms,'') as perms, m.is_frame, m.menu_type, m.icon, m.order_num, m.create_time
        from sys_store_menu m where m.menu_type in ('M', 'C') and m.status = 0
        order by m.parent_id, m.order_num
    </select>

    <select id="selectMenuListByUserId" parameterType="SysMenu" resultMap="SysMenuResult">
        select distinct m.menu_id, m.parent_id, m.menu_name, m.path, m.component, m.visible, m.status,
        ifnull(m.perms,'') as perms, m.is_frame, m.menu_type, m.icon, m.order_num, m.create_time
        from sys_store_menu m
        left join sys_store_role_menu rm on m.menu_id = rm.menu_id
        left join sys_store_user_role ur on rm.role_id = ur.role_id
        left join sys_store_role ro on ur.role_id = ro.role_id
        where ur.user_id = #{params.userId}
        <if test="menuName != null and menuName != ''">
            AND menu_name like concat('%', #{menuName}, '%')
        </if>
        <if test="visible != null and visible != ''">
            AND visible = #{visible}
        </if>
        <if test="status != null and status != ''">
            AND status = #{status}
        </if>
        order by m.parent_id, m.order_num
    </select>

    <select id="selectMenuTreeByUserId" parameterType="Long" resultMap="SysMenuResult">
        select distinct m.menu_id, m.parent_id, m.menu_name, m.path, m.component, m.visible, m.status,
        ifnull(m.perms,'') as perms, m.is_frame, m.menu_type, m.icon, m.order_num, m.create_time
        from sys_store_menu m
        left join sys_store_role_menu rm on m.menu_id = rm.menu_id
        left join sys_store_user_role ur on rm.role_id = ur.role_id
        left join sys_store_role ro on ur.role_id = ro.role_id
        left join sys_store_user u on ur.user_id = u.user_id
        where u.user_id = #{userId} and m.menu_type in ('M', 'C') and m.status = 0 AND ro.status = 0
        order by m.parent_id, m.order_num
    </select>

    <select id="selectMenuListByRoleId" parameterType="Long" resultType="Integer">
        select m.menu_id, m.parent_id
        from sys_store_menu m
        left join sys_store_role_menu rm on m.menu_id = rm.menu_id
        where rm.role_id = #{roleId}
        and m.menu_id not in (select m.parent_id from sys_store_menu m inner join sys_store_role_menu rm on m.menu_id =
        rm.menu_id and rm.role_id = #{roleId})
        order by m.parent_id, m.order_num
    </select>

    <select id="selectMenuPerms" resultType="String">
        select distinct m.perms
        from sys_store_menu m
        left join sys_store_role_menu rm on m.menu_id = rm.menu_id
        left join sys_store_user_role ur on rm.role_id = ur.role_id
    </select>

    <select id="selectMenuPermsByUserId" parameterType="Long" resultType="String">
        select distinct m.perms
        from sys_store_menu m
        left join sys_store_role_menu rm on m.menu_id = rm.menu_id
        left join sys_store_user_role ur on rm.role_id = ur.role_id
        left join sys_store_role r on r.role_id = ur.role_id
        where m.status = '0' and r.status = '0' and ur.user_id = #{userId}
    </select>

    <select id="selectMenuById" parameterType="Long" resultMap="SysMenuResult">
        <include refid="selectMenuVo"/>
        where menu_id = #{menuId}
    </select>

    <select id="hasChildByMenuId" resultType="Integer">
        select count(1) from sys_store_menu where parent_id = #{menuId}
    </select>

    <select id="checkMenuNameUnique" parameterType="SysMenu" resultMap="SysMenuResult">
        <include refid="selectMenuVo"/>
        where menu_name=#{menuName} and parent_id = #{parentId}
    </select>

    <update id="updateMenu" parameterType="SysMenu">
        update sys_store_menu
        <set>
            <if test="menuName != null and menuName != ''">menu_name = #{menuName},</if>
            <if test="parentId != null">parent_id = #{parentId},</if>
            <if test="orderNum != null and orderNum != ''">order_num = #{orderNum},</if>
            <if test="path != null and path != ''">path = #{path},</if>
            <if test="component != null and component != ''">component = #{component},</if>
            <if test="isFrame != null and isFrame != ''">is_frame = #{isFrame},</if>
            <if test="menuType != null and menuType != ''">menu_type = #{menuType},</if>
            <if test="visible != null">visible = #{visible},</if>
            <if test="status != null">status = #{status},</if>
            <if test="perms !=null">perms = #{perms},</if>
            <if test="icon !=null and icon != ''">icon = #{icon},</if>
            <if test="remark != null and remark != ''">remark = #{remark},</if>
            <if test="updateBy != null and updateBy != ''">update_by = #{updateBy},</if>
            update_time = sysdate()
        </set>
        where menu_id = #{menuId}
    </update>

    <insert id="insertMenu" parameterType="SysMenu">
        insert into sys_store_menu(
        <if test="menuId != null and menuId != 0">menu_id,</if>
        <if test="parentId != null and parentId != 0">parent_id,</if>
        <if test="menuName != null and menuName != ''">menu_name,</if>
        <if test="orderNum != null and orderNum != ''">order_num,</if>
        <if test="path != null and path != ''">path,</if>
        <if test="component != null and component != ''">component,</if>
        <if test="isFrame != null and isFrame != ''">is_frame,</if>
        <if test="menuType != null and menuType != ''">menu_type,</if>
        <if test="visible != null">visible,</if>
        <if test="status != null">status,</if>
        <if test="perms !=null and perms != ''">perms,</if>
        <if test="icon != null and icon != ''">icon,</if>
        <if test="remark != null and remark != ''">remark,</if>
        <if test="createBy != null and createBy != ''">create_by,</if>
        create_time
        )values(
        <if test="menuId != null and menuId != 0">#{menuId},</if>
        <if test="parentId != null and parentId != 0">#{parentId},</if>
        <if test="menuName != null and menuName != ''">#{menuName},</if>
        <if test="orderNum != null and orderNum != ''">#{orderNum},</if>
        <if test="path != null and path != ''">#{path},</if>
        <if test="component != null and component != ''">#{component},</if>
        <if test="isFrame != null and isFrame != ''">#{isFrame},</if>
        <if test="menuType != null and menuType != ''">#{menuType},</if>
        <if test="visible != null">#{visible},</if>
        <if test="status != null">#{status},</if>
        <if test="perms !=null and perms != ''">#{perms},</if>
        <if test="icon != null and icon != ''">#{icon},</if>
        <if test="remark != null and remark != ''">#{remark},</if>
        <if test="createBy != null and createBy != ''">#{createBy},</if>
        sysdate()
        )
    </insert>

    <delete id="deleteMenuById" parameterType="Long">
        delete from sys_store_menu where menu_id = #{menuId}
    </delete>

</mapper> 