<?xml version="1.0" encoding="UTF-8"?>
<!--
  ~ Copyright (c) 2021
  ~ User:魔金多商户商城
  ~ File:logback.xml
  ~ Date:2020/09/13 08:43:13
  -->

<configuration scan="true" scanPeriod="60 seconds" debug="false">
    <include resource="org/springframework/boot/logging/logback/defaults.xml"/>
    <property name="LOG_HOME" value="/app/amllplus/logmojin"/>
    <!-- 日志的存放目录-->
    <!-- debug-->
    <property name="INFO_LOG_FILE_NAME_PATTERN" value="${LOG_HOME}/all.%d{yyyy-MM-dd}.%i.log"/>
    <property name="ERROR_LOG_FILE_NAME_PATTERN" value="${LOG_HOME}/error.%d{yyyy-MM-dd}.%i.log"/>
    <property name="INFO_LOG_FORMAT"
              value="%clr(%d{${LOG_DATEFORMAT_PATTERN:-yyyy-MM-dd HH:mm:ss.SSS}} %L){faint} %clr(${LOG_LEVEL_PATTERN:-%5p}) %clr(${PID:- }){magenta} %clr(---){faint} %clr([%15.15t]){faint} %clr(%c){cyan} %clr(:){faint} %m%n${LOG_EXCEPTION_CONVERSION_WORD:-%wEx}"/>


    <!--输出到控制台-->
    <appender name="console" class="ch.qos.logback.core.ConsoleAppender">
        <encoder>
            <pattern>
                %date{yyyy-MM-dd HH:mm:ss.SSS} %-5level [%thread] %logger{56}.%method:%L -%msg%n
            </pattern>
        </encoder>
    </appender>

    <!--输出到INFO文件-->
    <appender name="info_file" class="ch.qos.logback.core.rolling.RollingFileAppender">
        <!--         指定日志文件的名称 -->
        <file>${LOG_HOME}/store.log</file>
        <rollingPolicy class="ch.qos.logback.core.rolling.SizeAndTimeBasedRollingPolicy">
            <fileNamePattern>${INFO_LOG_FILE_NAME_PATTERN}</fileNamePattern>
            <!-- 日志最长保留时间 -->
            <maxHistory>30</maxHistory>
            <!-- 单文件大小 -->
            <maxFileSize>2GB</maxFileSize>
        </rollingPolicy>
        <encoder>
            <pattern>${INFO_LOG_FORMAT}</pattern>
        </encoder>
    </appender>

    <!--输出到ERROR文件-->
    <appender name="error_file" class="ch.qos.logback.core.rolling.RollingFileAppender">
        <!--         指定日志文件的名称 -->
        <file>${LOG_HOME}/store.error.log</file>
        <rollingPolicy class="ch.qos.logback.core.rolling.SizeAndTimeBasedRollingPolicy">
            <fileNamePattern>${ERROR_LOG_FILE_NAME_PATTERN}</fileNamePattern>
            <!-- 日志最长保留时间 -->
            <maxHistory>30</maxHistory>
            <!-- 单文件大小 -->
            <maxFileSize>2GB</maxFileSize>
        </rollingPolicy>
        <encoder>
            <pattern>${INFO_LOG_FORMAT}</pattern>
        </encoder>
        <!-- 此日志文件只记录error级别的 -->
        <filter class="ch.qos.logback.classic.filter.LevelFilter">
            <level>error</level>
            <onMatch>ACCEPT</onMatch>
            <onMismatch>DENY</onMismatch>
        </filter>
    </appender>

    <springProfile name="dev,test">
        <root level="INFO">
            <appender-ref ref="console"/>
            <appender-ref ref="info_file"/>
            <appender-ref ref="error_file"/>
        </root>
        <logger name="com.ruoyi" level="debug"/>
    </springProfile>

    <springProfile name="prod,uat">
        <root level="INFO">
            <appender-ref ref="info_file"/>
            <appender-ref ref="error_file"/>
        </root>
        <logger name="com.ruoyi" level="INFO"/>
    </springProfile>
    <!-- endregion -->

</configuration>